Random Numbers,Time
1000,0.001077 sec
10000,0.083666 sec
100000,7.430375 sec
1000000,11.0466157 min
